용도,이어가기 폴더 안 위치,최신배포 파일명,크기_바이트,SHA256
경기장·메인 등 화면 배경,이미지/01_배경과화면/화면배경시트.png,6d58e73d0fc97b8ddebd91ee.png,2721185,6d58e73d0fc97b8ddebd91ee6d2f1068729875611b65f6b86b94c2ae8282f776
선수관리 상세 체형 broad: 어깨 넓은형,이미지/02_선수관리캐릭터/체형/체형broad_어깨 넓은형.png,9eb8b0c19b696a39f329d9dc.png,1365154,9eb8b0c19b696a39f329d9dca6eef80e23b405841697de52804cde86d96fdced
선수관리 상세 체형 heavy: 크고 육중한형,이미지/02_선수관리캐릭터/체형/체형heavy_크고 육중한형.png,0dd634711898a10e09a35002.png,1499138,0dd634711898a10e09a3500234b77a4de382ea607812ba1f63cea2beb27935f5
선수관리 상세 체형 round: 둥근형,이미지/02_선수관리캐릭터/체형/체형round_둥근형.png,02376699d607c0d7662582fd.png,1363179,02376699d607c0d7662582fd17a097cf2ad5d86d87fa3a9263e12f2a869f39f6
선수관리 상세 체형 smallslim: 작고 마른형,이미지/02_선수관리캐릭터/체형/체형smallslim_작고 마른형.png,256a1aecdbb5ac0859521994.png,1228833,256a1aecdbb5ac0859521994826b6e36ec4511c658b9c64226e33585682a416f
선수관리 상세 체형 standard: 표준형,이미지/02_선수관리캐릭터/체형/체형standard_표준형.png,7adcade858b193dab515e019.png,1280915,7adcade858b193dab515e019d302719e1c7047c3e3275769273b94328c21af56
선수관리 상세 체형 tallslim: 키 크고 마른형,이미지/02_선수관리캐릭터/체형/체형tallslim_키 크고 마른형.png,d78b2d72858eac031a4a9027.png,1260140,d78b2d72858eac031a4a90272083ae3d0d2879972070eed238dd8d17fb481f6c
선수관리 눈 E01,이미지/02_선수관리캐릭터/파츠/눈/E01.png,0d0a92ce9a64a41595fa2a05.png,110200,0d0a92ce9a64a41595fa2a059215c8c0306b277294eebc9151430a2818db8772
선수관리 눈 E02,이미지/02_선수관리캐릭터/파츠/눈/E02.png,18b9dc5eb3281efc6ae2440b.png,146131,18b9dc5eb3281efc6ae2440b4ddfdb3c9069086b2fb30c0ce86cb4d99639ba1c
선수관리 눈 E03,이미지/02_선수관리캐릭터/파츠/눈/E03.png,f3971485442491b4f918062c.png,149069,f3971485442491b4f918062cbbbdc1b201da0f1d0168011831b8180e05a9dec0
선수관리 눈 E04,이미지/02_선수관리캐릭터/파츠/눈/E04.png,e25e8e7295dc100ad26e39ec.png,124542,e25e8e7295dc100ad26e39ec3d682fb95380573bb611655ef863e8a11fe8c9f2
선수관리 눈 E05,이미지/02_선수관리캐릭터/파츠/눈/E05.png,591ad966a56954325872b0c8.png,157964,591ad966a56954325872b0c8d15d16278335003bca3c6c82b3e9f27c878b5f29
선수관리 눈 E06,이미지/02_선수관리캐릭터/파츠/눈/E06.png,11f55e05136712cf0cefd50f.png,145749,11f55e05136712cf0cefd50f630383c3ed0dee073d106221964ac587d7ce3a70
선수관리 눈썹 B01,이미지/02_선수관리캐릭터/파츠/눈썹/B01.png,d7eab23fde6b62a1dcfbd7ba.png,109245,d7eab23fde6b62a1dcfbd7ba9ec2bdc559951e7fbc8face54f8ea2cd4aea213e
선수관리 눈썹 B02,이미지/02_선수관리캐릭터/파츠/눈썹/B02.png,75133b161da06f74d2f4c606.png,129884,75133b161da06f74d2f4c606225677c73937176135c45ea533893a32cb2e3e88
선수관리 눈썹 B03,이미지/02_선수관리캐릭터/파츠/눈썹/B03.png,b6a9f278a993a580ef61dc82.png,107102,b6a9f278a993a580ef61dc82ede010043375eeb3be2947e0b6c1923f8a328d1b
선수관리 눈썹 B04,이미지/02_선수관리캐릭터/파츠/눈썹/B04.png,f5e99494a9283b7d8c3f2ca7.png,137832,f5e99494a9283b7d8c3f2ca759c169bd65e85b96532645c05dd5eee675dec027
선수관리 눈썹 B05,이미지/02_선수관리캐릭터/파츠/눈썹/B05.png,dadf0dafd1aaccfc8d80aa5d.png,110739,dadf0dafd1aaccfc8d80aa5daa6b31459d3083a4c3335e34eb3672e5bb1e9247
선수관리 눈썹 B06,이미지/02_선수관리캐릭터/파츠/눈썹/B06.png,73b28c8ca4e556c005e24216.png,115914,73b28c8ca4e556c005e242169d010400efb3b88abc3c4929cb96686553c94307
선수관리 머리카락 H01,이미지/02_선수관리캐릭터/파츠/머리카락/H01.png,198dbf26e5da342f8ce6c454.png,762560,198dbf26e5da342f8ce6c454388ba5c591d929c09e0200a2573a8586be53cee1
선수관리 머리카락 H02,이미지/02_선수관리캐릭터/파츠/머리카락/H02.png,80aa2eeb1d2e2ffb63ccc0bf.png,824463,80aa2eeb1d2e2ffb63ccc0bfc68937c3e0b6798c32608f94cfa3309a46032907
선수관리 머리카락 H03,이미지/02_선수관리캐릭터/파츠/머리카락/H03.png,9593a05f93491c20bff64d11.png,1065690,9593a05f93491c20bff64d110ee2719d9647b51bc16946a929cd5df92a778f4b
선수관리 머리카락 H04,이미지/02_선수관리캐릭터/파츠/머리카락/H04.png,fa1339213022e7577b6a17f0.png,491943,fa1339213022e7577b6a17f0e8e4a7a6180507d75ac1c6270b2c260585b213d8
선수관리 머리카락 H05,이미지/02_선수관리캐릭터/파츠/머리카락/H05.png,43c9f5280eecb7b4140e53a0.png,1118282,43c9f5280eecb7b4140e53a01f8565f247ce9783bd3e621b404182c72d74c29f
선수관리 머리카락 H06,이미지/02_선수관리캐릭터/파츠/머리카락/H06.png,7269a92e49b3c98a574a5e59.png,1051162,7269a92e49b3c98a574a5e59a30d9a61ffc0c2f0eee10c58f9ddb16ceac11367
선수관리 머리카락 H07,이미지/02_선수관리캐릭터/파츠/머리카락/H07.png,3b40971361000e2190227dda.png,524479,3b40971361000e2190227ddad1e1a362b02f23582284201ae16241466d9d479d
선수관리 수염 F01,이미지/02_선수관리캐릭터/파츠/수염/F01.png,1c7e318fee8bc2407daa0dc9.png,618504,1c7e318fee8bc2407daa0dc91a6f3fb05f9a9803f82fd66b13adef623ea593a6
선수관리 수염 F02,이미지/02_선수관리캐릭터/파츠/수염/F02.png,c846e4665c20adbdcc994acf.png,761492,c846e4665c20adbdcc994acf652596b03fb9537481c2645c5e40c4726de194fa
선수관리 수염 F03,이미지/02_선수관리캐릭터/파츠/수염/F03.png,76b731b93184e749b48dff80.png,238392,76b731b93184e749b48dff80a1a98dc5662fb0689789b0eba2433ec400293e0b
선수관리 수염 F04,이미지/02_선수관리캐릭터/파츠/수염/F04.png,bfcecb1a5a306e8b8e3ca20c.png,921109,bfcecb1a5a306e8b8e3ca20c4958f46f7a0ca5814677cd006b906adbdaf89ba1
선수관리 수염 F05,이미지/02_선수관리캐릭터/파츠/수염/F05.png,a1dc9caff599752b70ae457b.png,712876,a1dc9caff599752b70ae457b8af28023209b109d14c9b9539b607303ab0e665d
선수관리 아이블랙 I01,이미지/02_선수관리캐릭터/파츠/아이블랙/I01.png,05b20df824c002f799f9c7eb.png,93982,05b20df824c002f799f9c7eb344aaa7a35f98df3602cf7b2d9329d7fe5c570a6
선수관리 아이블랙 I02,이미지/02_선수관리캐릭터/파츠/아이블랙/I02.png,c9ab68e71962a1573f448389.png,159526,c9ab68e71962a1573f4483890feebb066bdae83883d54b9a583ec6a15e4aa136
선수관리 아이블랙 I03,이미지/02_선수관리캐릭터/파츠/아이블랙/I03.png,487a0942f2de2d9e5c88556e.png,170867,487a0942f2de2d9e5c88556e6a2c9f330598bbdb2965fae2acaf773b1660dbb1
선수관리 안경과선글라스 A01,이미지/02_선수관리캐릭터/파츠/안경과선글라스/A01.png,e0426cc5d3e336dc4a5f105d.png,265689,e0426cc5d3e336dc4a5f105dee5a0e7faadd8ac28cb95be5268a3e81aa10ee24
선수관리 안경과선글라스 A02,이미지/02_선수관리캐릭터/파츠/안경과선글라스/A02.png,735e1f4ee8eb476cbb0fc122.png,212640,735e1f4ee8eb476cbb0fc1227a3a25d4b13e31e6bbd1a649b76f1b791f8aec83
선수관리 안경과선글라스 A03,이미지/02_선수관리캐릭터/파츠/안경과선글라스/A03.png,ed50b3e80c7fcf9397f933e9.png,292194,ed50b3e80c7fcf9397f933e94d77b6b61c594e82c1bfe0c64f3518a364349171
선수관리 안경과선글라스 A04,이미지/02_선수관리캐릭터/파츠/안경과선글라스/A04.png,356162221ba25ff62b9b927e.png,231669,356162221ba25ff62b9b927e33d96317064b09bb4ae2c60a77f83612705f8e9b
선수관리 안경과선글라스 A05,이미지/02_선수관리캐릭터/파츠/안경과선글라스/A05.png,411770617f8b2eeafe1ead43.png,428459,411770617f8b2eeafe1ead43ad03e4cd5808d68870c98ddfab8a46a9c6b2e0b3
선수관리 안경과선글라스 A06,이미지/02_선수관리캐릭터/파츠/안경과선글라스/A06.png,7d6dee2e8aca856ab5329df8.png,417531,7d6dee2e8aca856ab5329df843e25f04626c25fd0f3e2d7b183d218ac1efd21a
선수관리 입 M01,이미지/02_선수관리캐릭터/파츠/입/M01.png,b24e671ee90e37f2738eda33.png,66962,b24e671ee90e37f2738eda3383c2774be419e9694f0488bf2eda53b7be767e47
선수관리 입 M02,이미지/02_선수관리캐릭터/파츠/입/M02.png,bb7ced1697fbf5b9cc97dd9d.png,60262,bb7ced1697fbf5b9cc97dd9dd5d6f43600de8eb45a85c122515f203782b53489
선수관리 입 M03,이미지/02_선수관리캐릭터/파츠/입/M03.png,d3bc17b3cbdc001c468bfa6c.png,64120,d3bc17b3cbdc001c468bfa6ccb51eb1f6f91beae1a982912289dcedb904d5222
선수관리 입 M04,이미지/02_선수관리캐릭터/파츠/입/M04.png,bf5cd43896122c4a15c24887.png,74236,bf5cd43896122c4a15c24887d7e280d6a13b6976afc8efab34a8f28f2d47e6f0
선수관리 입 M05,이미지/02_선수관리캐릭터/파츠/입/M05.png,be9e33a462bb0283c14c2b74.png,160465,be9e33a462bb0283c14c2b7432e14713e016a905bfcea9bea6104e032b092727
선수관리 입 M06,이미지/02_선수관리캐릭터/파츠/입/M06.png,be4c0e61d99a6c7e25b781b9.png,78314,be4c0e61d99a6c7e25b781b98d7af8022c37614dab4bd96d40341ba9072458fd
선수관리 코 N01,이미지/02_선수관리캐릭터/파츠/코/N01.png,4cd7a17111afec570219e497.png,570880,4cd7a17111afec570219e49751d584618261d4a8a422b1287c4ed1c85479f3c0
선수관리 코 N02,이미지/02_선수관리캐릭터/파츠/코/N02.png,6c365ce1c988f1b22cf1c825.png,678010,6c365ce1c988f1b22cf1c825664152b68210c41dd77a2ebd5f8d5ce538e568a8
선수관리 코 N03,이미지/02_선수관리캐릭터/파츠/코/N03.png,827916613184f5a00a5799be.png,774534,827916613184f5a00a5799bea53aa18c2687034ba0f024b7122bff49e0498190
선수관리 코 N04,이미지/02_선수관리캐릭터/파츠/코/N04.png,70b3ac86df9687d67ccb2fb1.png,637166,70b3ac86df9687d67ccb2fb1f52d5be62fc4b861837f3714e47689851d844b1b
선수관리 코 N05,이미지/02_선수관리캐릭터/파츠/코/N05.png,f47b28b112efbe26832aabe8.png,743583,f47b28b112efbe26832aabe8484ef63d044042811aba55912916ae49f6c02d0f
선수관리 코 N06,이미지/02_선수관리캐릭터/파츠/코/N06.png,a1a620ce1246054a302246e1.png,667502,a1a620ce1246054a302246e16efa52865fed33be50f2d4d05aec8acab1e2043f
경기 동작 체형 0: 작고 마른형,이미지/03_경기캐릭터/체형/체형0_작고 마른형.png,8bb6dbcd147621cdb52b0e60.png,1316961,8bb6dbcd147621cdb52b0e60d5b6f051bf64623d0bdfaa5e2cd66bdb40f81072
경기 동작 체형 1: 키 크고 마른형,이미지/03_경기캐릭터/체형/체형1_키 크고 마른형.png,12cd8d4e4055b530463b5efd.png,1204710,12cd8d4e4055b530463b5efdce5ffb2f7dded0916de8a64199b0da648ec316b0
경기 동작 체형 2: 표준형,이미지/03_경기캐릭터/체형/체형2_표준형.png,169c0bc219483d46eb9d39d8.png,1360521,169c0bc219483d46eb9d39d808dc4000ce78a2cc6bd4df4409b3bd09dd9d757c
경기 동작 체형 3: 어깨 넓은형,이미지/03_경기캐릭터/체형/체형3_어깨 넓은형.png,4da937a7b8f9c5f548551de9.png,1570377,4da937a7b8f9c5f548551de941d798613a0c4acc16aab3d5dcea0e3b696b4ff4
경기 동작 체형 4: 둥근형,이미지/03_경기캐릭터/체형/체형4_둥근형.png,29c850a38d9015e58b78075b.png,1424723,29c850a38d9015e58b78075b92a3215ab4d83503793d7abd9f2c3af05870a8eb
경기 동작 체형 5: 크고 육중한형,이미지/03_경기캐릭터/체형/체형5_크고 육중한형.png,5f6d2b2901a537004941b609.png,1578448,5f6d2b2901a537004941b6091599631d6bae72f7a13c46a0fd31a6989577dfd4
경기용 머리카락 H01,이미지/03_경기캐릭터/파츠/머리카락/H01.png,aa56ea53058bce35dc40dc7c.png,237584,aa56ea53058bce35dc40dc7ca61371240980cfab2a9fbc511a576afe31885063
경기용 머리카락 H02,이미지/03_경기캐릭터/파츠/머리카락/H02.png,2f24cdb1a80dddb09a32a052.png,303854,2f24cdb1a80dddb09a32a0529302298bc1d8b4354c28c393b4e61c97de6f0f39
경기용 머리카락 H03,이미지/03_경기캐릭터/파츠/머리카락/H03.png,fda6523d67279844f513f7f0.png,321283,fda6523d67279844f513f7f078dbcd26857aacfc65e14f4058e73b70d4da8dfc
경기용 머리카락 H04,이미지/03_경기캐릭터/파츠/머리카락/H04.png,b2a5bfbf2f5e661cd0975221.png,328767,b2a5bfbf2f5e661cd09752215bab8d0bbb17f1db925e255e75b57b00bf2f8274
경기용 머리카락 H05,이미지/03_경기캐릭터/파츠/머리카락/H05.png,87dc32b26ee19c01aa4c6119.png,432952,87dc32b26ee19c01aa4c611965ff53026e775d941921f64f2f9f653bb18f54b9
경기용 머리카락 H06,이미지/03_경기캐릭터/파츠/머리카락/H06.png,9017438be010e4cf75bef1c3.png,490503,9017438be010e4cf75bef1c3984877a1e39962d73d0a150726cff1abaf2ef56c
경기용 머리카락 H07,이미지/03_경기캐릭터/파츠/머리카락/H07.png,6308e727aefad45163a16aa2.png,336998,6308e727aefad45163a16aa2ffa7ced25a028023b39e35770569da705faea618
경기용 수염 F01,이미지/03_경기캐릭터/파츠/수염/F01.png,4ab6c5d8d992ae7c4ec58a89.png,172016,4ab6c5d8d992ae7c4ec58a890d69ec842e2a56b7bc085c507f050332eb0a1334
경기용 수염 F02,이미지/03_경기캐릭터/파츠/수염/F02.png,a5f5ae2a8972186e5046f56d.png,182031,a5f5ae2a8972186e5046f56d4f5c29b4e002b386aea029f19a2dca75a3d3b290
경기용 수염 F03,이미지/03_경기캐릭터/파츠/수염/F03.png,b869533603d1d9eb58bc882b.png,325415,b869533603d1d9eb58bc882be0029fb5daaecce40b0d567a5f44ffea4a373c46
경기용 수염 F04,이미지/03_경기캐릭터/파츠/수염/F04.png,92a0c806157aaf09f53238ea.png,434440,92a0c806157aaf09f53238ea911fdf4109dcddc28e07a2b15bb3777721c6625a
경기용 수염 F05,이미지/03_경기캐릭터/파츠/수염/F05.png,26b0b87bdb0e02f8d3f09d55.png,183416,26b0b87bdb0e02f8d3f09d552183c72f876edf0dcc9ee7b1e9b9a65fa7b2e78f
경기용 아이블랙 I01,이미지/03_경기캐릭터/파츠/아이블랙/I01.png,e57ec74c7e6d8c2ccf7287ad.png,83008,e57ec74c7e6d8c2ccf7287adda913501497d123f5c2ccc2e1018ffd00f8850d5
경기용 아이블랙 I02,이미지/03_경기캐릭터/파츠/아이블랙/I02.png,e4393facded38ac18be93390.png,88326,e4393facded38ac18be9339000bc5c93e79331b7d7872b138272671c8930f65f
경기용 아이블랙 I03,이미지/03_경기캐릭터/파츠/아이블랙/I03.png,dd7307cfa38b2198d29c9b12.png,97416,dd7307cfa38b2198d29c9b12dac09d2c4f15465d1b2186c24ffd532a2b2d629e
경기용 안경과선글라스 A01,이미지/03_경기캐릭터/파츠/안경과선글라스/A01.png,1f58a96f6ed7d5a16177375a.png,213500,1f58a96f6ed7d5a16177375afb0d6b956bc12e8b2996400afe66c9c308708922
경기용 안경과선글라스 A02,이미지/03_경기캐릭터/파츠/안경과선글라스/A02.png,9affb5526a4f0ff442b76252.png,188158,9affb5526a4f0ff442b76252e30194e01c2ea5ea18fd5f7f54194709bbcb7644
경기용 안경과선글라스 A03,이미지/03_경기캐릭터/파츠/안경과선글라스/A03.png,4b331289b2134702038fc94c.png,279686,4b331289b2134702038fc94c9c14265c759aaf9d2c1f5f5dcea1e82f785069d4
경기용 안경과선글라스 A04,이미지/03_경기캐릭터/파츠/안경과선글라스/A04.png,a65cfc3ed78c0a6b53ad38ae.png,200474,a65cfc3ed78c0a6b53ad38ae234be9703bcf7400bcd784d235f723f12e8ae25f
경기용 안경과선글라스 A05,이미지/03_경기캐릭터/파츠/안경과선글라스/A05.png,5a565ec6da1fdd989d485442.png,234441,5a565ec6da1fdd989d485442b69d1060461dc26fcc545fa9d1b9ae386590c5b6
경기용 안경과선글라스 A06,이미지/03_경기캐릭터/파츠/안경과선글라스/A06.png,697acfd034015d5e8bb69c7c.png,285550,697acfd034015d5e8bb69c7ce187a4adfb68b3fb4798874cb09c24fe13bfcfeb
현재 심판·포수 동작 out-dynamic.png,이미지/04_포수와심판/out-dynamic.png.png,3345b6be2ca95672440b9b6e.png,1948811,3345b6be2ca95672440b9b6e0c8e80376e3b2c35ffd728f4e94df88a33d8a932
현재 심판·포수 동작 out-sheet.png,이미지/04_포수와심판/out-sheet.png.png,4ea1b2a57f01e74dcb7ef6ca.png,1950997,4ea1b2a57f01e74dcb7ef6cabb4fe9c7a62ab44d2edb8211d222cb47109fc1fc
현재 심판·포수 동작 safe-sheet.png,이미지/04_포수와심판/safe-sheet.png.png,10e03cbaf98ceab24238164c.png,1939286,10e03cbaf98ceab24238164c44d3286b6bf8b6298e143c703fc23c024ed114cd
현재 심판·포수 동작 strikeout.png,이미지/04_포수와심판/strikeout.png.png,4af3f41c66e9165be865b794.png,777510,4af3f41c66e9165be865b794cd4652b7037de3f6b91ce70bc5f65f04f065afdc
심판_기본시트,이미지/04_포수와심판/심판_기본시트.png,5a6e8242a082498b84f7db2d.png,1133589,5a6e8242a082498b84f7db2d10ef22e16c251f4d18747e4fd93c588dca8f8ea1
포수_기본시트,이미지/04_포수와심판/포수_기본시트.png,6a51150d62c7874ba029bb75.png,1151880,6a51150d62c7874ba029bb75800bd775ba4c9d1d320cf127a25eb664f1461a69
관중·치어리더·중계진 리액션,이미지/05_관중치어리더중계진/리액션시트.png,b94cf85715ad3fbd987b69b6.png,1761886,b94cf85715ad3fbd987b69b6a0adb521f23ab257ea9378187903e44caf4939c4
게임 공통 선수 그림,이미지/06_공통캐릭터/공통선수시트.png,a5fc9fa87ae269afa34bb7ca.png,1609112,a5fc9fa87ae269afa34bb7cafb8fee3add5d97eeada93ba55f3be96ebda4dfda
